address,pc
0,804
32,804
64,804
96,800
0,800
32,800
128,804
160,804
0,804
32,800
0,800
32,804
64,804
96,800
0,800
32,800
128,800
160,800
0,804
32,800
0,804
32,800
64,804
96,800
0,800
32,800
128,804
160,800
0,800
32,800
0,804
32,804
64,800
96,800
0,800
32,804
128,804
160,804
0,804
32,800
0,800
32,800
64,800
96,800
0,804
32,804
128,800
160,800
0,804
32,804
0,804
32,804
64,804
96,800
0,800
32,800
128,804
160,800
0,804
32,800
0,800
32,804
64,804
96,800
0,800
32,800
128,804
160,804
0,800
32,800
0,800
32,804
64,804
96,800
0,804
32,800
128,804
160,804
0,804
32,804
0,800
32,804
64,804
96,804
0,800
32,800
128,800
160,804
0,800
32,804
0,800
32,800
64,800
96,800
0,804
32,804
128,800
160,804
0,800
32,800
0,800
32,800
64,800
96,804
0,800
32,804
128,804
160,800
0,804
32,800
0,804
32,800
64,800
96,800
0,800
32,804
128,800
160,800
0,804
32,804
0,804
32,800
64,804
96,804
0,800
32,804
128,804
160,800
0,800
32,800
0,800
32,804
64,804
96,800
0,800
32,800
128,804
160,804
0,804
32,800
0,804
32,804
64,804
96,800
0,800
32,800
128,800
160,804
0,804
32,800
0,804
32,800
64,800
96,804
0,804
32,804
128,804
160,804
0,800
32,804
0,804
32,800
64,800
96,804
0,804
32,804
128,800
160,804
0,800
32,800
0,804
32,804
64,804
96,800
0,800
32,804
128,804
160,800
0,804
32,804
0,800
32,804
64,800
96,800
0,800
32,800
128,804
160,800
0,800
32,800
0,804
32,804
64,800
96,804
0,804
32,800
128,804
160,800
0,804
32,800
0,800
32,800
64,800
96,800
0,800
32,804
128,800
160,804
0,800
32,800
0,800
32,804
64,804
96,800
0,804
32,800
128,800
160,804
0,804
32,800
0,804
32,804
64,800
96,804
0,804
32,800
128,800
160,800
0,804
32,804
0,800
32,800
64,800
96,800
0,800
32,800
128,800
160,800
0,804
32,800
0,800
32,800
64,800
96,804
0,804
32,800
128,800
160,800
0,804
32,800
0,800
32,804
64,800
96,800
0,804
32,804
128,800
160,804
0,804
32,804
0,804
32,800
64,804
96,800
0,804
32,804
128,800
160,804
0,804
32,800
0,804
32,800
64,800
96,804
0,800
32,804
128,800
160,800
0,804
32,804
0,800
32,804
64,804
96,800
0,800
32,800
128,800
160,800
0,804
32,800
0,800
32,804
64,804
96,800
0,804
32,804
128,800
160,800
0,800
32,804
0,804
32,804
64,804
96,800
0,800
32,804
128,800
160,804
0,804
32,804
0,804
32,804
64,804
96,800
0,804
32,800
128,804
160,804
0,800
32,800
0,804
32,804
64,800
96,804
0,804
32,804
128,800
160,804
0,800
32,800
0,804
32,800
64,800
96,804
0,800
32,800
128,800
160,804
0,800
32,804
0,804
32,804
64,804
96,800
0,804
32,800
128,800
160,804
0,804
32,804
0,804
32,800
64,804
96,804
0,804
32,800
128,800
160,804
0,804
32,804
0,800
32,804
64,800
96,804
0,800
32,804
128,804
160,800
0,800
32,804
0,804
32,800
64,800
96,800
0,804
32,800
128,804
160,804
0,804
32,804
0,800
32,800
64,804
96,804
0,800
32,804
128,800
160,800
0,800
32,804
0,800
32,804
64,804
96,800
0,804
32,804
128,804
160,800
0,804
32,800
0,804
32,804
64,804
96,800
0,804
32,800
128,804
160,804
0,800
32,804
0,804
32,804
64,804
96,804
0,804
32,800
128,804
160,800
0,804
32,800
0,804
32,804
64,800
96,804
0,800
32,800
128,800
160,804
0,804
32,800
0,800
32,800
64,804
96,804
0,800
32,804
128,804
160,800
0,804
32,800
0,804
32,804
64,804
96,800
0,804
32,800
128,800
160,800
0,804
32,804
0,804
32,800
64,800
96,800
0,804
32,804
128,804
160,800
0,800
32,804
0,804
32,800
64,800
96,800
0,800
32,804
128,804
160,804
0,804
32,800
0,800
32,804
64,804
96,804
0,800
32,804
128,800
160,804
0,804
32,800
0,804
32,800
64,804
96,800
0,804
32,804
128,800
160,804
0,804
32,800
0,804
32,800
64,800
96,800
0,804
32,800
128,804
160,804
0,800
32,804
0,804
32,800
64,804
96,804
0,800
32,800
128,800
160,800
0,804
32,800
0,800
32,804
64,800
96,800
0,800
32,800
128,804
160,800
0,800
32,804
0,804
32,800
64,800
96,804
0,800
32,804
128,800
160,804
0,804
32,804
0,800
32,804
64,804
96,800
0,800
32,800
128,800
160,800
0,800
32,804
0,804
32,800
64,800
96,804
0,804
32,804
128,804
160,800
0,804
32,800
0,800
32,804
64,804
96,800
0,800
32,804
128,804
160,800
0,804
32,800
0,804
32,800
64,800
96,800
0,800
32,804
128,800
160,804
0,804
32,800
0,804
32,804
64,804
96,800
0,800
32,804
128,800
160,800
0,804
32,804
0,800
32,800
64,804
96,800
0,800
32,804
128,800
160,800
0,804
32,800
0,800
32,804
64,804
96,800
0,804
32,800
128,800
160,800
0,800
32,800
0,804
32,800
64,804
96,800
0,800
32,804
128,800
160,804
0,804
32,804
0,800
32,800
64,804
96,800
0,804
32,800
128,804
160,804
0,800
32,800
0,804
32,800
64,804
96,800
0,804
32,800
128,800
160,804
0,804
32,804
0,800
32,800
64,800
96,800
0,800
32,800
128,800
160,804
0,800
32,800
0,804
32,800
64,804
96,804
0,804
32,800
128,804
160,804
0,800
32,804
0,804
32,804
64,800
96,800
0,800
32,800
128,804
160,800
0,804
32,800
0,804
32,800
64,804
96,800
0,800
32,800
128,800
160,804
0,804
32,800
0,800
32,800
64,804
96,804
0,804
32,800
128,800
160,804
0,804
32,800
0,800
32,804
64,800
96,804
0,804
32,800
128,804
160,800
0,804
32,804
0,800
32,804
64,804
96,800
0,804
32,804
128,804
160,800
0,800
32,804
0,804
32,800
64,800
96,804
0,804
32,804
128,800
160,804
0,804
32,804
0,804
32,800
64,800
96,800
0,800
32,804
128,800
160,804
0,804
32,804
0,804
32,804
64,800
96,800
0,804
32,804
128,804
160,800
0,800
32,800
0,804
32,800
64,804
96,800
0,800
32,804
128,800
160,800
0,804
32,804
0,804
32,800
64,804
96,804
0,800
32,800
128,804
160,804
0,800
32,800
0,800
32,804
64,804
96,804
0,804
32,804
128,804
160,800
0,804
32,804
0,800
32,804
64,800
96,800
0,804
32,800
128,800
160,804
0,800
32,800
0,804
32,800
64,800
96,800
0,800
32,800
128,804
160,800
0,800
32,800
0,800
32,804
64,804
96,800
0,804
32,804
128,800
160,800
0,804
32,800
0,800
32,804
64,800
96,800
0,804
32,800
128,800
160,800
0,804
32,804
0,800
32,804
64,800
96,800
0,804
32,804
128,804
160,804
0,800
32,800
0,804
32,800
64,804
96,800
0,800
32,800
128,800
160,804
0,800
32,800
0,804
32,804
64,804
96,800
0,804
32,804
128,800
160,800
0,804
32,804
0,800
32,800
64,800
96,804
0,804
32,800
128,800
160,804
0,804
32,804
0,800
32,804
64,804
96,804
0,800
32,804
128,800
160,804
0,800
32,804
0,804
32,804
64,800
96,800
0,804
32,800
128,800
160,800
0,804
32,804
0,804
32,800
64,800
96,800
0,804
32,804
128,804
160,800
0,800
32,800
0,804
32,804
64,800
96,800
0,804
32,800
128,800
160,800
0,800
32,804
0,800
32,800
64,804
96,800
0,800
32,804
128,800
160,800
0,804
32,800
0,804
32,804
64,804
96,804
0,804
32,800
128,804
160,804
0,804
32,800
0,804
32,804
64,800
96,800
0,804
32,800
128,800
160,804
0,804
32,804
0,800
32,800
64,804
96,800
0,804
32,800
128,804
160,800
0,800
32,804
0,800
32,804
64,804
96,804
0,800
32,804
128,800
160,800
0,804
32,800
0,804
32,804
64,800
96,800
0,804
32,804
128,804
160,804
0,804
32,804
0,800
32,800
64,804
96,800
0,804
32,804
128,800
160,800
0,804
32,800
0,800
32,800
64,804
96,804
0,804
32,800
128,804
160,800
0,800
32,800
0,800
32,800
64,800
96,800
0,804
32,804
128,800
160,800
0,800
32,804
0,804
32,804
64,800
96,804
0,800
32,800
128,804
160,804
0,800
32,804
0,800
32,804
64,804
96,804
0,800
32,800
128,800
160,804
0,804
32,800
0,800
32,800
64,800
96,804
0,804
32,804
128,800
160,800
0,804
32,804
0,800
32,804
64,800
96,800
0,800
32,800
128,800
160,804
0,800
32,800
0,800
32,800
64,800
96,804
0,804
32,800
128,800
160,804
0,804
32,804
0,800
32,804
64,800
96,804
0,800
32,800
128,800
160,800
0,804
32,800
0,804
32,804
64,800
96,800
0,800
32,804
128,800
160,804
0,800
32,804
0,804
32,804
64,804
96,804
0,804
32,804
128,800
160,800
0,800
32,800
0,804
32,800
64,804
96,804
0,800
32,804
128,800
160,804
0,804
32,804
0,804
32,804
64,800
96,804
0,800
32,800
128,804
160,804
0,800
32,804
0,800
32,800
64,800
96,804
0,800
32,804
128,800
160,800
0,804
32,804
0,804
32,800
64,800
96,804
0,804
32,800
128,804
160,800
0,804
32,800
0,800
32,804
64,804
96,800
0,804
32,800
128,804
160,800
0,800
32,800
0,804
32,804
64,800
96,800
0,800
32,800
128,800
160,800
0,800
32,800
0,800
32,800
64,800
96,804
0,800
32,800
128,804
160,804
0,800
32,800
0,804
32,804
64,804
96,804
0,800
32,800
128,800
160,804
0,800
32,800
0,804
32,800
64,800
96,804
0,804
32,804
128,804
160,804
0,804
32,804
0,800
32,800
64,804
96,804
0,804
32,804
128,804
160,800
0,800
32,800
0,800
32,800
64,804
96,804
0,804
32,800
128,804
160,804
0,804
32,804
0,804
32,800
64,800
96,804
0,800
32,800
128,804
160,804
0,800
32,804
0,804
32,804
64,800
96,800
0,804
32,800
128,804
160,800
0,804
32,804
0,800
32,804
64,800
96,804
0,804
32,800
128,804
160,804
0,800
32,800
0,800
32,804
64,800
96,804
0,804
32,800
128,800
160,804
0,800
32,800
0,800
32,804
64,800
96,800
0,804
32,804
128,800
160,804
0,804
32,800
0,804
32,804
64,800
96,804
0,800
32,800
128,804
160,804
0,800
32,800
0,800
32,804
64,804
96,804
0,804
32,800
128,804
160,804
0,804
32,800
0,800
32,804
64,804
96,800
0,804
32,804
128,800
160,800
0,804
32,804
0,804
32,804
64,800
96,804
0,804
32,804
128,800
160,800
0,800
32,804
0,804
32,804
64,804
96,804
0,800
32,804
128,804
160,800
0,800
32,800
0,804
32,804
64,800
96,804
0,800
32,800
128,800
160,800
0,800
32,800
0,804
32,804
64,804
96,800
0,800
32,800
128,800
160,804
0,800
32,800
0,800
32,804
64,804
96,804
0,800
32,800
128,800
160,804
0,800
32,800
0,804
32,804
64,804
96,800
0,804
32,800
128,804
160,804
0,800
32,800
0,800
32,804
64,800
96,800
0,800
32,800
128,800
160,800
0,800
32,804
0,800
32,800
64,804
96,800
0,800
32,800
128,804
160,804
0,800
32,800
0,804
32,804
64,800
96,800
0,800
32,804
128,804
160,804
0,800
32,804
0,804
32,804
64,800
96,804
0,800
32,804
128,804
160,804
0,800
32,800
0,800
32,800
64,800
96,800
0,804
32,804
128,800
160,800
0,800
32,800
0,804
32,800
64,800
96,804
0,804
32,804
128,804
160,800
0,800
32,800
0,804
32,800
64,804
96,804
0,804
32,804
128,800
160,804
0,800
32,800
0,804
32,800
64,800
96,804
0,800
32,804
128,804
160,800
0,804
32,800
0,804
32,800
64,800
96,804
0,804
32,800
128,800
160,804
0,804
32,800
0,804
32,804
64,804
96,800
0,804
32,804
128,804
160,800
0,804
32,800
0,804
32,800
64,800
96,800
0,800
32,804
128,800
160,804
0,804
32,804
0,804
32,800
64,804
96,804
0,804
32,804
128,804
160,800
0,800
32,800
0,804
32,804
64,800
96,804
0,804
32,800
128,804
160,804
0,800
32,804
0,800
32,800
64,804
96,804
0,804
32,800
128,800
160,800
0,800
32,804
0,804
32,800
64,800
96,800
0,800
32,800
128,800
160,804
0,804
32,804
0,800
32,804
64,800
96,800
0,800
32,800
128,804
160,804
0,800
32,800
0,800
32,804
64,804
96,804
0,800
32,800
128,804
160,804
0,804
32,804
0,800
32,800
64,800
96,800
0,804
32,804
128,800
160,804
0,804
32,800
0,804
32,800
64,804
96,800
0,800
32,804
128,804
160,804
0,804
32,804
0,804
32,804
64,800
96,804
0,804
32,804
128,804
160,804
0,800
32,800
0,800
32,804
64,800
96,800
0,804
32,800
128,800
160,800
0,800
32,804
0,800
32,804
64,804
96,800
0,800
32,800
128,804
160,804
0,804
32,804
0,804
32,804
64,804
96,804
0,804
32,804
128,804
160,804
0,804
32,804
0,804
32,800
64,800
96,804
0,804
32,804
128,804
160,800
0,800
32,800
0,804
32,804
64,804
96,804
0,800
32,804
128,800
160,804
0,800
32,804
0,804
32,804
64,804
96,804
0,800
32,800
128,800
160,804
0,804
32,804
0,800
32,804
64,804
96,800
0,800
32,800
128,800
160,804
0,804
32,800
0,800
32,804
64,804
96,800
0,800
32,804
128,800
160,800
0,804
32,800
0,800
32,804
64,804
96,800
0,800
32,804
128,800
160,800
0,800
32,804
0,800
32,800
64,800
96,804
0,800
32,800
128,804
160,800
0,804
32,800
0,804
32,804
64,804
96,800
0,804
32,804
128,800
160,804
0,800
32,800
0,804
32,804
64,804
96,800
0,804
32,804
128,800
160,804
0,800
32,804
0,804
32,804
64,804
96,800
0,804
32,804
128,800
160,804
0,800
32,804
0,800
32,800
64,804
96,800
0,800
32,804
128,804
160,800
0,800
32,800
0,800
32,804
64,800
96,804
0,804
32,800
128,804
160,800
0,804
32,800
0,800
32,800
64,800
96,804
0,804
32,804
128,804
160,804
0,804
32,804
0,804
32,800
64,804
96,800
0,804
32,804
128,800
160,800
0,800
32,800
0,804
32,804
64,804
96,800
0,804
32,800
128,800
160,800
0,800
32,804
0,800
32,804
64,804
96,804
0,800
32,804
128,804
160,804
0,804
32,800
0,800
32,804
64,800
96,800
0,804
32,804
128,800
160,800
0,800
32,804
0,800
32,800
64,804
96,800
0,804
32,800
128,804
160,804
0,804
32,804
0,804
32,800
64,804
96,800
0,800
32,800
128,804
160,800
0,800
32,804
0,800
32,804
64,800
96,800
0,800
32,800
128,804
160,800
0,800
32,804
0,804
32,804
64,804
96,800
0,804
32,804
128,804
160,804
0,804
32,800
0,804
32,804
64,804
96,804
0,804
32,800
128,800
160,800
0,804
32,800
0,804
32,800
64,804
96,800
0,804
32,804
128,800
160,804
0,804
32,804
0,800
32,804
64,800
96,804
0,804
32,804
128,800
160,800
0,800
32,800
0,804
32,804
64,800
96,800
0,800
32,804
128,800
160,800
0,800
32,800
0,804
32,800
64,800
96,800
0,804
32,800
128,800
160,800
0,804
32,800
0,804
32,804
64,800
96,800
0,800
32,804
128,800
160,800
0,804
32,800
0,800
32,804
64,800
96,800
0,804
32,804
128,804
160,804
0,800
32,800
0,804
32,800
64,804
96,804
0,804
32,804
128,804
160,800
0,800
32,804
0,804
32,804
64,800
96,804
0,804
32,800
128,800
160,800
0,800
32,800
0,804
32,804
64,804
96,800
0,804
32,804
128,800
160,804
0,800
32,800
0,804
32,800
64,804
96,804
0,804
32,800
128,804
160,804
0,800
32,800
0,800
32,804
64,800
96,804
0,804
32,800
128,800
160,800
0,800
32,804
0,800
32,800
64,804
96,804
0,800
32,804
128,804
160,800
0,800
32,804
0,804
32,804
64,800
96,800
0,800
32,804
128,804
160,804
0,804
32,804
0,804
32,804
64,804
96,804
0,800
32,800
128,804
160,804
0,804
32,800
0,800
32,804
64,800
96,800
0,804
32,804
128,800
160,804
0,800
32,800
0,804
32,804
64,804
96,804
0,800
32,800
128,804
160,800
0,800
32,804
0,800
32,800
64,800
96,800
0,804
32,804
128,804
160,800
0,800
32,800
0,800
32,804
64,800
96,804
0,804
32,800
128,804
160,804
0,800
32,804
0,804
32,800
64,804
96,800
0,804
32,804
128,804
160,804
0,804
32,804
0,800
32,800
64,804
96,804
0,804
32,800
128,804
160,804
0,800
32,804
0,800
32,804
64,800
96,804
0,800
32,800
128,800
160,800
0,800
32,804
0,800
32,804
64,800
96,800
0,804
32,804
128,804
160,804
0,800
32,804
0,800
32,804
64,804
96,804
0,800
32,800
128,800
160,804
0,804
32,800
0,800
32,800
64,800
96,804
0,804
32,800
128,804
160,800
0,800
32,800
0,804
32,804
64,804
96,804
0,800
32,804
128,804
160,804
0,804
32,800
